{"view_count_mean": 59697494.604166664, "view_count_std": 316978431.74096864, "like_count_mean": 175079.3125, "like_count_std": 467419.4112198064, "training_samples": 48}